{
  "best": {
    "loss": 0.0030646978781932992
  },
  "last": {
    "loss": 0.0030646978781932992
  },
  "train.1": {
    "loss": 0.0030646978781932992
  },
  "epoch_0": [
    "logs/checkpoints/train.1.pth",
    0.0030646978781932992,
    {
      "loss": 0.0030646978781932992
    }
  ]
}